,date,average block size,difficulty,estimated transaction volumes in usd,estimated transaction volumes,hash rate,market capitalization,miners revenues,number of orphaned blocks,number of transactions per blocks,number of unique addresses,total bitcoins,trade volumes,transaction fees,price
0,2017-01-07 00:00:00,0.9873366330935252,317688400354.0,310258543.03984666,344066.51921823,2195140.269532626,14507903240.25,1583004.57,1583004.57,2048.338129496403,503340.0,16088787.5,16088787.5,107.13664320000001,896.830375
1,2017-01-08 00:00:00,0.8104194371257485,317688400354.0,211475099.03853697,230638.88390195,2637326.7986471117,14753884196.25,1915883.445,1915883.445,1557.491017964072,455738.0,16090875.0,16090875.0,91.2413482,908.1490375
2,2017-01-09 00:00:00,0.923003161764706,317688400354.0,267769180.272303,297521.31141367,2147763.1414132165,14483317500.0,1548900.0,1548900.0,1984.9044117647054,475571.0,16092575.0,16092575.0,102.04592665,894.18025
3,2017-01-10 00:00:00,0.9597204875,319489481520.3437,284257957.75442654,311898.39337535,2679581.839590968,14668273763.5,1842810.36,1842810.36,2024.3,541167.0,16094575.0,16094575.0,119.94087094,906.0569142857142
4,2017-01-11 00:00:00,0.9230163529411765,336899932795.0,389299060.467785,495840.25634963,2562350.134108864,12637835230.875,1522759.635,1522759.635,1980.7712418300653,491692.0,16096487.5,16096487.5,111.82087465,785.2237375
5,2017-01-12 00:00:00,0.8028143236994221,336899932795.0,317369300.8886888,394742.84616561,2897297.864057734,12943143563.625,1750688.225,1750688.225,1721.1329479768783,483077.0,16098637.5,16098637.5,106.35637276,803.372375
6,2017-01-13 00:00:00,0.8415314701986755,336899932795.0,256962364.99101567,310296.05007851,2528855.3611139767,13333156411.5,1577154.54,1577154.54,1822.17880794702,466560.0,16100512.5,16100512.5,97.90853957,826.2956625
7,2017-01-14 00:00:00,0.7427666395348836,336899932795.0,154658301.41558063,189694.9606471,2880550.47756029,13128500736.25,1759417.4,1759417.4,1408.5406976744187,446468.0,16102662.5,16102662.5,86.85666196,817.912875
8,2017-01-15 00:00:00,0.6770676586826347,336899932795.0,159034173.05097103,193769.24854518,2796813.5450730724,13217812515.0,1716577.71,1716577.71,1413.167664670659,417278.0,16104750.0,16104750.0,82.22432059,822.2076
9,2017-01-16 00:00:00,0.7583347988165681,336899932795.0,207038818.87757903,249414.31017658,2830308.3180679604,13370306561.25,1769358.15,1769358.15,1583.6686390532543,473646.0,16106862.5,16106862.5,103.64270285,830.505125
10,2017-01-17 00:00:00,0.900242,336899932795.0,292157921.607734,323187.1166802,2646087.06659608,14562228011.625,1808883.99,1808883.99,1852.5126582278479,502461.0,16108837.5,16108837.5,109.39305302,903.84575
11,2017-01-18 00:00:00,0.8945323377483444,336899932795.0,259176379.4801728,295532.82797803,2528855.3611139767,14128772648.25,1672839.35,1672839.35,1978.4834437086088,500305.0,16110712.5,16110712.5,108.62581158,874.9949625
12,2017-01-19 00:00:00,0.8343687413793104,336899932795.0,234505943.28577545,260588.21802822,2914045.250555178,14500148590.125,1969902.99,1969902.99,1727.6149425287354,516338.0,16112887.5,16112887.5,112.3957332,895.798875
13,2017-01-20 00:00:00,0.7222727936507937,336899932795.0,230407548.73571,256692.90188916,3165256.0480168317,14465048400.0,2134044.0,2134044.0,1578.7142857142858,516009.0,16115250.0,16115250.0,104.84963495,893.6210875
14,2017-01-21 00:00:00,0.6930888342541436,336899932795.0,206063844.49538356,222988.6857433,3031276.956037284,14894193301.25,2095396.75,2095396.75,1456.1436464088395,484668.0,16117512.5,16117512.5,94.58963263,920.4479
15,2017-01-22 00:00:00,0.6745597816091954,339477557142.08044,210976459.03377575,229821.85079932,3398969.8922646875,14797873125.0,2002158.0,2002158.0,1361.4137931034486,428797.0,16119687.5,16119687.5,87.11486550000001,918.603625
16,2017-01-23 00:00:00,0.9093341007194244,392963262344.0,198400469.237764,215184.89071341,2715269.0518666185,14863942325.0,1639777.0,1639777.0,1702.8201438848919,426712.0,16121412.5,16121412.5,110.16262179,922.0736125
17,2017-01-24 00:00:00,0.9736577046979864,392963262344.0,234204104.0073993,263431.86998189,2910612.1491232086,14334397638.75,1723423.4249999996,1723423.4249999996,1866.959731543624,497858.0,16123275.0,16123275.0,143.1652105,890.320225
18,2017-01-25 00:00:00,0.9879089266666669,392963262344.0,271755757.07840174,304488.2432251,2930146.458848869,14391685218.75,1721632.5,1721632.5,2039.74,514638.0,16125137.5,16125137.5,135.60681540000002,893.045625
19,2017-01-26 00:00:00,0.9932012165605096,392963262344.0,230425627.04952404,251581.08007285,3066886.6269284827,14770949263.25,1834109.775,1834109.775,2024.8662420382168,518118.0,16127075.0,16127075.0,125.18892663,915.95625
20,2017-01-27 00:00:00,0.8376798058823529,392963262344.0,172944033.54642877,188459.94044311,3320832.65336205,14801282964.0,1976661.18,1976661.18,1549.0117647058826,462950.0,16129200.0,16129200.0,114.04371837,919.27975
21,2017-01-28 00:00:00,0.8774656842105264,392963262344.0,110954977.31500764,120787.04258111,2969215.0783001864,14818028460.0,1787595.6,1787595.6,1621.0197368421052,461291.0,16131100.0,16131100.0,122.5350693,920.31225
22,2017-01-29 00:00:00,0.8624916467065867,392963262344.0,130997412.19231722,143425.20631994,3262229.7241850733,14735246803.125,1944065.475,1944065.475,1446.868263473054,438727.0,16133187.5,16133187.5,119.8377983,915.933
23,2017-01-30 00:00:00,0.9557019657534248,392963262344.0,147934759.57472157,161054.23778466,2852009.2199462317,14820631418.25,1736959.14,1736959.14,1718.0068493150684,449341.0,16134987.5,16134987.5,137.40589477,921.179325
24,2017-01-31 00:00:00,0.9595463241379312,392963262344.0,219553619.75286385,227771.61979507,2832474.9102205737,15554584256.0,1817471.16,1817471.16,2121.9517241379317,523036.0,16136800.0,16136800.0,145.66158893,964.706075
25,2017-02-01 00:00:00,0.9622894270833332,392963262344.0,265703457.6901082,271145.34475943,3750587.467326551,15815286256.0,2400828.5,2400828.5,1825.833333333333,599052.0,16139200.0,16139200.0,154.9165724,979.703875
26,2017-02-02 00:00:00,0.913956592356688,392963262344.0,208080409.7975085,206551.92554845,3066886.6269284827,16260607102.5,2047540.5,2047540.5,1653.2420382165603,452585.0,16141162.5,16141162.5,142.30055361,1007.6137125
27,2017-02-03 00:00:00,0.970819201342282,392963262344.0,267715754.14082852,264280.11267604,2910612.1491232086,16352884325.0,1970791.5,1970791.5,2171.5637583892617,560374.0,16143025.0,16143025.0,162.42120704,1013.0269999999999
28,2017-02-04 00:00:00,0.952473055172414,393567551403.4276,219852279.33450317,212973.24356728,3043000.8428698913,16666302847.5,1935046.35,1935046.35,1974.6620689655167,500098.0,16144825.0,16144825.0,139.35303348,1030.9994125
29,2017-02-05 00:00:00,0.9579446037735848,422170566883.0,189360700.4672032,187004.44446692,3336807.8208021554,16350262337.5,2069248.1,2069248.1,1837.1132075471694,510277.0,16146812.5,16146812.5,136.17869567,1014.837725
30,2017-02-06 00:00:00,0.97920132,422170566883.0,218667131.4358756,213855.38526736,2623276.58868094,16511713437.5,1694793.75,1694793.75,1840.2160000000001,440409.0,16148375.0,16148375.0,154.93020175,1024.01375
31,2017-02-07 00:00:00,0.9456807549668876,422170566883.0,265069291.9587524,252326.78910876,3168918.1191265755,16965850756.25,2077363.75,2077363.75,2154.092715231788,557390.0,16150262.5,16150262.5,170.75671139,1050.11
32,2017-02-08 00:00:00,0.9611287191780822,422170566883.0,268446935.56400603,256176.10035691,3063987.0555793373,16925772491.250004,2002536.9,2002536.9,2111.7534246575337,516490.0,16152087.5,16152087.5,157.14493504,1052.3766125
33,2017-02-09 00:00:00,0.9560303195266272,422170566883.0,354395954.9668856,362368.05211338,3546669.9478966305,15798807600.0,2148177.0,2148177.0,2050.5562130177514,575007.0,16154200.0,16154200.0,174.18568718,976.103
34,2017-02-10 00:00:00,0.9677519797297296,422170566883.0,295832936.5156964,296633.84790504,3105959.480998233,16112416198.75,1914816.0,1914816.0,2057.135135135135,507435.0,16156037.5,16156037.5,141.11220269,999.1035
35,2017-02-11 00:00:00,0.9636613021582736,422170566883.0,162450165.43816188,162125.91361094,2917083.566613205,16190090550.0,1792077.0,1792077.0,1889.8273381294964,474676.0,16157775.0,16157775.0,117.08000976,1008.8466625
36,2017-02-12 00:00:00,0.8674449078014184,422170566883.0,116833030.14237297,117232.79396981,2959055.9920321,16104421019.75,1790373.935,1790373.935,1689.2340425531916,422084.0,16159525.0,16159525.0,102.74261946,1000.604625
37,2017-02-13 00:00:00,0.9104621595092024,422170566883.0,193290194.99513188,193640.68463432,3420752.671639945,16132310071.875,2090708.955,2090708.955,1768.6503067484662,503160.0,16161562.5,16161562.5,136.77242215,999.877375
38,2017-02-14 00:00:00,0.8847332662721894,422170566883.0,230076645.45902237,227168.88374706,3546669.9478966305,16370570040.0,2198282.4,2198282.4,1864.4023668639054,530239.0,16163675.0,16163675.0,140.99131586,1011.78025
39,2017-02-15 00:00:00,0.9400883165467626,422170566883.0,202631991.87154087,199854.02097992,2917083.566613205,16390111733.75,1822485.25,1822485.25,2120.7625899280574,495896.0,16165412.5,16165412.5,134.04888989,1012.3259875
40,2017-02-16 00:00:00,0.9741140789473683,422170566883.0,216881376.3029261,209183.4262181,3189904.331836023,16762256640.0,2071526.4,2071526.4,1877.1644736842104,489189.0,16167300.0,16167300.0,170.92843209,1035.208125
41,2017-02-17 00:00:00,0.9690751986754966,422170566883.0,274772401.3395944,259513.03488817,3168918.1191265755,17119935725.0,2094835.8,2094835.8,2117.662251655629,550072.0,16169187.5,16169187.5,165.84442388,1055.53685
42,2017-02-18 00:00:00,0.9622173421052632,432944392642.6316,177697930.51843956,167671.19316705,3330515.7440737467,17138105285.0,2102643.2,2102643.2,1895.717105263158,510385.0,16171075.0,16171075.0,153.36709614,1056.6371375
43,2017-02-19 00:00:00,0.9308823582089552,440779902286.0,171469835.05797684,162299.8912049,2936112.5638544867,17086510375.0,1835140.5,1835140.5,1878.5149253731345,458998.0,16172750.0,16172750.0,129.44377921,1052.7792857142856
44,2017-02-20 00:00:00,0.9513293851351352,440779902286.0,194658608.62416735,177737.95528138,3242870.5929139117,17714421920.0,2121402.4,2121402.4,1910.3243243243246,503952.0,16174600.0,16174600.0,159.91401438,1084.7550125
45,2017-02-21 00:00:00,0.9496674420289856,440779902286.0,239455904.82616815,211907.88037714,3023757.715014323,18279247250.0,2066770.0,2066770.0,2022.391304347826,487720.0,16176325.0,16176325.0,165.81707207,1123.7884285714283
46,2017-02-22 00:00:00,0.9773118633093524,440779902286.0,223493550.8302082,198255.61148781,3045669.0028042817,18237515765.0,2084941.35,2084941.35,2043.3381294964029,489247.0,16178050.0,16178050.0,183.25580355,1123.2231875
47,2017-02-23 00:00:00,0.96071238,440779902286.0,329524919.7180022,278550.22799493,3286693.1684938287,19140851275.0,2381379.0,2381379.0,2172.7533333333336,551454.0,16179925.0,16179925.0,211.65472424,1172.01715
48,2017-02-24 00:00:00,0.9716721686746989,440779902286.0,377500126.85008365,319779.86179592,3637273.7731331713,19102806731.25,2628973.5,2628973.5,2112.9578313253014,590852.0,16181962.5,16181962.5,230.61490244,1174.86625
49,2017-02-25 00:00:00,0.9663323892215571,440779902286.0,227869925.56940377,198406.55252016,3659185.06092313,18587381425.0,2521531.75,2521531.75,1955.2155688622754,561871.0,16184050.0,16184050.0,191.30417997,1150.6057142857142
50,2017-02-26 00:00:00,0.9217508539325844,440779902286.0,199679377.83795965,168919.1928246,3900209.2266126764,19133795677.5,2725922.6,2725922.6,1489.9044943820224,462926.0,16186275.0,16186275.0,161.17260121,1175.04975
51,2017-02-27 00:00:00,0.9451492708333332,440779902286.0,263969347.79483852,221116.89378023,3155225.441754076,19325323935.0,2305227.8,2305227.8,1976.076388888889,501496.0,16188075.0,16188075.0,195.38746144,1190.75195
52,2017-02-28 00:00:00,0.968234019607843,440779902286.0,254779003.3135104,214370.21734414,3352427.0318637057,19241800143.75,2451281.25,2451281.25,2126.8888888888887,542156.0,16189987.5,16189987.5,227.37147230000002,1187.5652857142854
53,2017-03-01 00:00:00,0.9791459513888888,440779902286.0,288085091.74325466,234425.17026874,3155225.441754076,19898087658.75,2416017.4000000004,2416017.4000000004,2193.631944444445,531642.0,16191787.5,16191787.5,229.59036693,1222.4994000000004
54,2017-03-02 00:00:00,0.9556123312101912,440779902286.0,434381700.80609137,345021.20794765,3440072.1830235412,20387931250.0,2702443.5,2702443.5,2098.267515923567,565741.0,16193750.0,16193750.0,252.22663973,1259.4108166666667
55,2017-03-03 00:00:00,0.985290046357616,445545600358.4768,426416987.3902368,330581.43064597,3458650.3231865163,20890752811.25,2670737.95,2670737.95,2233.841059602649,583122.0,16195637.5,16195637.5,259.68606189,1285.14
56,2017-03-04 00:00:00,0.9860852686567164,460769358090.0,257999763.7167398,203694.74476294,3069265.849715185,20515484347.5,2317878.0,2317878.0,2006.5298507462687,489871.0,16197287.5,16197287.5,222.87178018,1267.0272
57,2017-03-05 00:00:00,0.9833013129251701,460769358090.0,220204063.358142,172858.20186682,3367030.447075614,20636065337.5,2524232.85,2524232.85,1909.7891156462586,524842.0,16199125.0,16199125.0,216.69618574,1270.9333
58,2017-03-06 00:00:00,0.9655325633802816,460769358090.0,292399611.7639107,228758.88887804,3252505.601936988,20707990380.0,2484820.8000000003,2484820.8000000003,2026.274647887324,537228.0,16200900.0,16200900.0,238.98093612,1275.197375
59,2017-03-07 00:00:00,0.97486177124183,460769358090.0,333212201.6491188,269327.676729,3504460.261241965,20046119625.0,2609873.4,2609873.4,2143.150326797386,571328.0,16202812.5,16202812.5,269.77191295,1238.447
60,2017-03-08 00:00:00,0.9794270845070422,460769358090.0,301922502.86388665,260435.17886991,3252505.601936988,18785978288.75,2250201.3,2250201.3,2092.3098591549297,526232.0,16204587.5,16204587.5,233.7307623,1157.3933
61,2017-03-09 00:00:00,0.9917982162162162,460769358090.0,264212240.99959013,221691.76120120002,3389935.4161033393,19314832212.5,2399093.4,2399093.4,2051.5675675675675,541481.0,16206437.5,16206437.5,236.67178552,1192.4691428571427
62,2017-03-10 00:00:00,0.9918213461538462,460769358090.0,300514966.41367173,274668.64675411,3573175.168325142,17733596763.75,2329338.9,2329338.9,1977.448717948718,551014.0,16208387.5,16208387.5,257.91797636,1098.6171285714288
63,2017-03-11 00:00:00,0.9975763892617451,460769358090.0,245097064.4302689,208984.53651967,3412840.385131065,19011381200.0,2359087.2,2359087.2,1883.765100671141,518975.0,16210250.0,16210250.0,217.66771727,1179.159875
64,2017-03-12 00:00:00,0.9601464645161291,460769358090.0,213603425.3624016,174427.09894039,3550270.199297416,19853444812.5,2509817.7,2509817.7,1426.516129032258,422478.0,16212187.5,16212187.5,190.62879952,1227.494625
65,2017-03-13 00:00:00,0.9828723103448276,460769358090.0,305232654.9681898,247252.04938695,3321220.5090201637,20016183000.0,2417768.25,2417768.25,1883.3034482758621,516184.0,16214000.0,16214000.0,220.75092528,1239.816225
66,2017-03-14 00:00:00,0.962449358974359,460769358090.0,340925457.2986973,273550.07405817,3573175.168325142,20209938485.0,2657111.6,2657111.6,1989.7115384615383,561534.0,16215950.0,16215950.0,256.53171308,1245.3707857142854
67,2017-03-15 00:00:00,0.9839835704225351,460769358090.0,321158673.98304546,255049.7728582,3252505.601936988,20421359320.0,2446625.6,2446625.6,2059.394366197183,526478.0,16217725.0,16217725.0,236.25501962,1257.399625
68,2017-03-16 00:00:00,0.9882601307189542,460769358090.0,498470434.73062754,423293.50775359,3504460.261241965,19100245120.0,2470016.0,2470016.0,2137.4771241830067,594405.0,16219637.5,16219637.5,264.55158129,1180.945657142857
69,2017-03-17 00:00:00,0.9955487012987012,469886043903.4675,519387257.28018814,476895.83810503,3641704.8372012875,17666903718.75,2279486.3,2279486.3,1897.3766233766235,532933.0,16221562.5,16221562.5,244.58901754,1091.1718875
70,2017-03-18 00:00:00,0.9420463184713376,475705205061.0,358857764.2565912,380629.78813809,3712647.1392246885,15295539370.0,1983179.8,1983179.8,1678.5350318471335,505650.0,16223525.0,16223525.0,217.05770532,952.2323625
71,2017-03-19 00:00:00,0.8897133313253012,475705205061.0,251863755.76009843,245744.71242082,3925474.045294894,16629604628.750004,2267078.8000000003,2267078.8000000003,1633.9698795180725,512175.0,16225587.5,16225587.5,213.24681536,1029.8008125
72,2017-03-20 00:00:00,0.9773873529411764,475705205061.0,302711967.00069255,290510.52495268,3216051.0250608767,16908833575.0,1948540.0,1948540.0,2037.0073529411768,512637.0,16227287.5,16227287.5,241.15787713,1049.0844875
73,2017-03-21 00:00:00,0.9820038450704226,475705205061.0,338645232.7155832,302496.85816488,3357935.62910768,18168435468.75,2188622.5,2188622.5,2028.556338028169,541181.0,16229062.5,16229062.5,248.63661349999998,1118.6300428571428
74,2017-03-22 00:00:00,0.9823028385093168,475705205061.0,378214892.3745552,370726.22267649,3807236.875255891,16558917210.0,2248010.7,2248010.7,1992.006211180124,572753.0,16231050.0,16231050.0,269.31219918,1028.7268625
75,2017-03-23 00:00:00,0.965088912162162,475705205061.0,311908483.3347461,301915.09373221,3499820.233154483,16770208989.999996,2076531.0,2076531.0,1945.0743243243246,537474.0,16232900.0,16232900.0,235.99807634,1038.789
76,2017-03-24 00:00:00,0.869937534090909,475705205061.0,393959388.23827785,420627.1495177,4161948.3853728995,15205794660.0,2189770.8000000003,2189770.8000000003,1645.0056818181818,540389.0,16235100.0,16235100.0,231.55050182,941.9197142857145
77,2017-03-25 00:00:00,0.9399249323308272,475705205061.0,317578894.4272253,331578.12277059996,3145108.7230374757,15551246387.25,1696707.27,1696707.27,1826.87969924812,490876.0,16236762.5,16236762.5,182.00765156,959.3400857142856
78,2017-03-26 00:00:00,0.6767430843373494,475705205061.0,225668754.0004636,237293.77609117,3925474.045294894,15443296850.875,2046573.52,2046573.52,1336.8373493975905,468755.0,16238837.5,16238837.5,154.65177428,956.7863125
79,2017-03-27 00:00:00,0.9009502575757576,475705205061.0,314065026.0724285,303796.69769049,3121461.2890296746,16789415977.5,1848434.4,1848434.4,1759.780303030303,459507.0,16240487.5,16240487.5,194.84378734,1037.22925
80,2017-03-28 00:00:00,0.9856837225806452,475705205061.0,427464477.24102,409096.06396882,3665352.2712090877,16971709882.500004,2192722.6500000004,2192722.6500000004,1896.7806451612905,553956.0,16242425.0,16242425.0,233.22176362,1046.127625
81,2017-03-29 00:00:00,0.973170391304348,475705205061.0,268053545.27757865,257967.03423884,3263345.893076478,16879296264.999996,1943117.0,1943117.0,2057.4710144927535,534779.0,16244150.0,16244150.0,212.93579722,1040.5755
82,2017-03-30 00:00:00,0.9625500975609756,482855238676.8232,338050783.41292965,325048.83020474,4073274.033199867,16896048000.0,2262000.0,2262000.0,1760.9024390243906,521047.0,16246200.0,16246200.0,203.40448684,1037.90455
83,2017-03-31 00:00:00,0.9605278296296296,499635929816.0,458122200.8199916,423794.82037002,3352999.966353549,17563966387.5,1987418.5,1987418.5,1921.5037037037039,489451.0,16247887.5,16247887.5,217.27700693,1079.5493142857142
84,2017-04-01 00:00:00,0.9671549848484848,499635929816.0,275462685.0907609,252602.18715338,3278488.855990137,17720120643.75,1942180.5,1942180.5,1938.416666666667,502790.0,16249537.5,16249537.5,190.64263242,1086.9295714285713
85,2017-04-02 00:00:00,0.8242735569620253,499635929816.0,279296199.77207017,252573.88295539,3924251.812473042,17970922522.5,2296746.6,2296746.6,1545.5886075949368,501562.0,16251512.5,16251512.5,180.73640574,1099.169125
86,2017-04-03 00:00:00,0.8782873409090909,499635929816.0,352832392.70903724,309041.24788389,4371318.474653517,18556863561.25,2669294.6,2669294.6,1637.1647727272727,564024.0,16253712.5,16253712.5,221.03918997,1141.813
87,2017-04-04 00:00:00,0.9778614240000001,499635929816.0,341916041.50068885,299821.15178945,3104629.598475508,18537515610.0,1939250.2,1939250.2,2048.12,496730.0,16255275.0,16255275.0,200.30284512,1141.6003625
88,2017-04-05 00:00:00,0.9668584444444444,499635929816.0,366491387.360761,322587.26112205,4023599.9596242574,18469918530.0,2485786.8,2485786.8,1954.0432098765432,577216.0,16257300.0,16257300.0,236.29861443,1133.0793142857142
89,2017-04-06 00:00:00,0.9777448843537416,499635929816.0,373394291.4489535,310928.71300604,3651044.407807197,19525598223.75,2391592.35,2391592.35,1975.952380952381,548639.0,16259137.5,16259137.5,221.71976913,1196.3079375
90,2017-04-07 00:00:00,0.9775861049382716,499635929816.0,387791486.3719336,324783.48942373,4023599.9596242574,19415828025.0,2599338.0,2599338.0,1823.8456790123455,542131.0,16261162.5,16261162.5,225.14679282,1190.45425
91,2017-04-08 00:00:00,0.9744294963503648,499635929816.0,195546229.56852257,165045.77107404,3402674.0399291576,19268254300.0,2143895.6,2143895.6,1656.6350364963505,468193.0,16262875.0,16262875.0,171.61302076,1181.1498375
92,2017-04-09 00:00:00,0.925461893081761,499635929816.0,221823326.33347496,182076.11124803,3949088.849260846,19815481983.75,2532236.55,2532236.55,1498.6540880503146,489532.0,16264862.5,16264862.5,168.05979031,1208.8005
93,2017-04-10 00:00:00,0.918110162162162,499635929816.0,276910114.56078804,227965.84717279,3675881.444595002,19759160490.0,2406320.7,2406320.7,1861.4594594594596,548200.0,16266700.0,16266700.0,198.63497273,1207.744875
94,2017-04-11 00:00:00,0.9628318922155688,499635929816.0,356178072.3882292,287518.62478869,4147785.143563278,20153773955.0,2769337.4,2769337.4,1843.670658682635,582103.0,16268787.5,16268787.5,226.34667638,1226.6170375
95,2017-04-12 00:00:00,0.982567295774648,499635929816.0,324655762.7164864,263669.09990781,3526859.223868177,20033943606.25,2357939.5,2357939.5,1958.4014084507041,548651.0,16270562.5,16270562.5,212.1552116,1218.92205
96,2017-04-13 00:00:00,0.9729802992125984,517807877351.8583,295378008.2258598,248404.68272295,3287972.0066232057,19349213565.0,2072006.75,2072006.75,1800.6220472440946,449521.0,16272150.0,16272150.0,216.66765492,1180.0237125
97,2017-04-14 00:00:00,0.9951093669064748,520808749422.0,357882778.18722075,296751.88904413,3598646.5269340593,19626308325.0,2292003.0,2292003.0,2087.8273381294957,558990.0,16273887.5,16273887.5,235.48446532,1185.2600571428572
98,2017-04-15 00:00:00,0.9917443973509932,520808749422.0,277386308.8604482,231541.1593159,3909321.047244913,19498363475.0,2416965.0,2416965.0,1801.1655629139073,520821.0,16275762.5,16275762.5,202.57239533,1184.8806714285713
99,2017-04-16 00:00:00,0.9274192534246576,520808749422.0,248846278.47097158,205031.12669603,3779873.330448724,19756107948.75,2320594.4,2320594.4,1450.8835616438355,429263.0,16277587.5,16277587.5,158.85627688,1186.9274125
100,2017-04-17 00:00:00,0.9307864855072464,520808749422.0,350736258.00866205,282897.44959563,3572756.983574822,20183091637.5,2278752.4,2278752.4,1776.695652173913,469209.0,16279312.5,16279312.5,180.72834518,1205.634875
101,2017-04-18 00:00:00,0.9555397876712328,520808749422.0,358703371.13634884,282978.36157806,3779873.330448724,20637969895.0,2500974.8,2500974.8,2075.9657534246576,553138.0,16281137.5,16281137.5,220.20687325,1216.1867428571427
102,2017-04-19 00:00:00,0.9842131748251748,520808749422.0,318007414.47879595,250893.42365191,3702204.7003710107,20638607437.5,2444373.75,2444373.75,2168.5594405594406,566248.0,16282925.0,16282925.0,209.52935942,1217.9300875
103,2017-04-20 00:00:00,0.974164381294964,520808749422.0,362526871.1654924,280159.86952511,3598646.5269340593,21072337100.0,2456659.0,2456659.0,1939.7482014388488,491206.0,16284650.0,16284650.0,229.91787209999998,1241.686325
104,2017-04-21 00:00:00,0.9759393233532934,520808749422.0,343765582.74913234,259347.85571417,4323553.7409927165,21588070556.25,2983037.75,2983037.75,1978.167664670659,612635.0,16286737.5,16286737.5,244.38907052,1258.3614125
105,2017-04-22 00:00:00,0.9730325103448276,520808749422.0,237925578.0373707,176541.94408056,3753983.787089486,21952078835.0,2596344.0500000003,2596344.0500000003,1853.1862068965522,530089.0,16288550.0,16288550.0,180.34051775,1261.311225
106,2017-04-23 00:00:00,0.947631065359477,520808749422.0,216214543.24980596,159473.77433973,3961100.133963389,22086609057.5,2732614.9,2732614.9,1601.5620915032682,490003.0,16290462.5,16290462.5,169.67309519,1257.9881125
107,2017-04-24 00:00:00,0.9630899032258065,520808749422.0,275563451.4461593,218198.46856078,3210303.376545492,20575227796.584686,2119150.85645,2119150.85645,1795.733870967742,449880.0,16292012.5,16292012.5,187.96137981,1262.902775
108,2017-04-25 00:00:00,0.9660103243243244,520808749422.0,392344255.7174933,306659.17747446,3831652.4171672002,20846606998.605476,2615123.6212500003,2615123.6212500003,2198.560810810811,580200.0,16293862.5,16293862.5,271.62738431,1279.4146875
109,2017-04-26 00:00:00,0.9718548823529412,520808749422.0,374510235.060813,286080.06265388,3961100.133963389,21332959973.27813,2740621.5233125,2740621.5233125,2186.084967320261,606556.0,16295775.0,16295775.0,253.84367765,1309.109875
110,2017-04-27 00:00:00,0.9676179795918368,521839702599.0748,403324576.012845,299790.68872916,3814281.6336960737,21926056741.283905,2725014.34976875,2725014.34976875,2026.421768707483,554691.0,16297612.5,16297612.5,256.44731571,1345.3539125
111,2017-04-28 00:00:00,0.996674536764706,521974519553.0,422232300.3667596,317159.21835551,3528859.198521538,21699183920.794643,2501502.2312857145,2501502.2312857145,2244.6397058823527,582826.0,16299312.5,16299312.5,249.68419536,1331.2944285714286
112,2017-04-29 00:00:00,0.9715703121387282,521974519553.0,358298055.71094114,268392.2710741,4488916.480472251,21762127405.33031,3119178.52111875,3119178.52111875,1972.942196531792,634025.0,16301475.0,16301475.0,256.37648122,1334.9790375
113,2017-04-30 00:00:00,0.9718935165562914,521974519553.0,270224936.5739553,199722.12699511,3918071.610123178,22058522827.63125,2720215.54725,2720215.54725,1864.1655629139075,526652.0,16303362.5,16303362.5,199.30763935,1353.0045
114,2017-05-01 00:00:00,0.9774208933333334,521974519553.0,442436010.50857353,312196.23083799,3892124.116016402,23107339286.35547,2878277.9821875,2878277.9821875,1965.24,542847.0,16305237.5,16305237.5,227.7488656,1417.1728125
115,2017-05-02 00:00:00,0.9802381265822784,521974519553.0,459618754.8307036,316525.2120617,4099704.0688706087,23679316586.4736,3149553.4675875,3149553.4675875,2108.6139240506327,609090.0,16307212.5,16307212.5,272.67966183,1452.0762875
116,2017-05-03 00:00:00,0.9952908712121212,521974519553.0,478643852.40137583,317492.17304151,3425069.2220944343,24586863671.325005,2760373.225428572,2760373.225428572,2235.9772727272725,547221.0,16308862.5,16308862.5,247.34367708,1507.5768571428573
117,2017-05-04 00:00:00,0.9710467440476189,521974519553.0,600287612.4889325,397991.61086844,4359179.00993837,24601696289.92031,3500746.022125,3500746.022125,2111.529761904762,676230.0,16310962.5,16310962.5,307.09568071,1508.292125
118,2017-05-05 00:00:00,0.9612458682170544,521974519553.0,572492738.2915376,373364.40609694,3347226.7397741056,25012643352.80893,2779169.8169642854,2779169.8169642854,2071.2635658914733,523629.0,16312575.0,16312575.0,261.31168454,1533.3350714285714
119,2017-05-06 00:00:00,0.9649331726190477,521974519553.0,473676745.12631375,303559.11870245,4359179.00993837,25457585279.685,3610789.2028,3610789.2028,2160.845238095238,677421.0,16314675.0,16314675.0,296.57369266,1560.4102
120,2017-05-07 00:00:00,0.9648364431137724,521974519553.0,425425969.14028525,276993.75885732,4333231.515831593,25060400380.24821,3505619.688214285,3505619.688214285,1892.2814371257487,581369.0,16316762.5,16316762.5,277.03575031,1535.8684285714285
121,2017-05-08 00:00:00,0.9681441555555556,521974519553.0,718838977.0733727,438151.01403153,4670548.939219682,26773285640.515312,4062173.2011,4062173.2011,2028.3111111111111,691480.0,16319012.5,16319012.5,316.4495528,1640.619225
122,2017-05-09 00:00:00,0.9877865225806453,521974519553.0,761394965.372412,442341.02894682,4021861.586550282,28093005954.43714,3715393.610828572,3715393.610828572,2147.606451612903,621156.0,16320950.0,16320950.0,302.96153363,1721.2849714285715
123,2017-05-10 00:00:00,0.9601657905405404,555092980096.7365,733569624.8732165,416118.52430820005,4119773.00240534,28775239681.5,3665040.51375,3665040.51375,2103.9932432432433,592447.0,16322800.0,16322800.0,303.26495895,1762.88625
124,2017-05-11 00:00:00,0.9612426962962964,559970892890.0,663588561.0741874,364410.76342711,3757901.0494913575,29726737675.14922,3468076.5262812492,3468076.5262812492,2183.2814814814815,568521.0,16324487.5,16324487.5,279.58022914,1820.9905625
125,2017-05-12 00:00:00,0.9545805194805196,559970892890.0,591706179.2409666,343919.54287192,4286790.826827179,28089241688.38125,3731717.8665,3731717.8665,2062.974025974026,600568.0,16326412.5,16326412.5,322.05057537,1720.4785
126,2017-05-13 00:00:00,0.9550900253164556,559970892890.0,444311275.6910667,250751.31640067,4398136.043108403,28932596583.104843,3885820.5874125,3885820.5874125,2083.962025316456,623293.0,16328387.5,16328387.5,301.19440047,1771.9200125
127,2017-05-14 00:00:00,0.9750856585365856,559970892890.0,437151327.76401514,246099.90830126,4565153.867530242,29008025583.46875,4018027.923,4018027.923,2250.597560975609,691330.0,16330437.5,16330437.5,297.47622441,1776.3165
128,2017-05-15 00:00:00,0.9707119823529412,559970892890.0,691417744.0772772,401257.57947956,4732171.69195208,28143078402.152344,4090703.349625,4090703.349625,1936.6411764705883,636246.0,16332562.5,16332562.5,327.30377033,1723.1269375
129,2017-05-16 00:00:00,0.9739608712121212,559970892890.0,578464171.2971259,332635.73045983,3674392.1372804386,28405717823.944687,3356331.71175,3356331.71175,1772.5530303030305,453290.0,16334212.5,16334212.5,343.40900559,1739.031975
130,2017-05-17 00:00:00,0.9818819419354838,559970892890.0,937290192.5778947,518560.40861632,4314627.130897485,29527347103.759377,4241263.69915625,4241263.69915625,2048.561290322581,591515.0,16336150.0,16336150.0,485.93611219999997,1807.4850625
131,2017-05-18 00:00:00,0.9746094929577463,559970892890.0,677185578.4226928,356585.58290426,3952755.177983502,31027073784.75844,3986174.9808625,3986174.9808625,2034.5352112676055,570189.0,16337925.0,16337925.0,392.02141315,1899.0828875
132,2017-05-19 00:00:00,0.9712608170731708,559970892890.0,858596952.4902871,437720.10435873,4565153.867530242,32051195727.737804,4746879.57975,4746879.57975,1948.1829268292686,633617.0,16339975.0,16339975.0,442.811934,1961.5204875
133,2017-05-20 00:00:00,0.9672129272727272,559970892890.0,681378820.7858062,331908.79839663,4592990.171600549,33548728731.442036,4862316.831693751,4862316.831693751,2138.212121212121,646325.0,16342037.5,16342037.5,387.7538543,2052.9097875
134,2017-05-21 00:00:00,0.990363700680272,559970892890.0,545513367.8802049,266554.69422871,4091936.698335034,33448303438.292187,4331490.18988125,4331490.18988125,2218.074829931973,608719.0,16343875.0,16343875.0,352.78845637,2046.5344625
135,2017-05-22 00:00:00,0.966800397260274,559970892890.0,888560604.1045561,425013.92921845,4064100.3942647283,34173338961.43125,4499105.2965,4499105.2965,2245.671232876712,604610.0,16345700.0,16345700.0,406.63804239,2090.6623125
136,2017-05-23 00:00:00,0.9786851666666666,584152236544.9702,1026598216.6690824,448744.85299926,4976737.781652192,37399030237.9925,5668946.092425,5668946.092425,2188.75,687290.0,16347800.0,16347800.0,468.38356854,2287.7102875
137,2017-05-24 00:00:00,0.9705481688311688,595921917085.0,1071925264.3652221,450541.37638858,4562009.633181176,38899164896.69583,5524488.081,5524488.081,2198.974025974026,631835.0,16349725.0,16349725.0,472.94001691,2379.1938333333333
138,2017-05-25 00:00:00,0.9768757668711656,595921917085.0,1209302552.2768192,506576.47791631,4828620.585769686,39035030222.50714,5871333.859714285,5871333.859714285,2147.9386503067485,659055.0,16351762.5,16351762.5,498.87943053,2387.206285714285
139,2017-05-26 00:00:00,0.958775267973856,595921917085.0,946402388.9279644,427853.65763293,4532386.194004675,36173950629.23572,5119620.435857143,5119620.435857143,2178.6928104575163,641520.0,16353675.0,16353675.0,469.79624965,2211.976857142857
140,2017-05-27 00:00:00,0.9914609166666668,595921917085.0,646375171.1244526,320932.55895422,4976737.781652192,32941397092.733437,5121736.6836375,5121736.6836375,1975.6785714285716,651462.0,16355775.0,16355775.0,528.8278222,2014.0529625
141,2017-05-28 00:00:00,0.9779821393939394,595921917085.0,519142526.0767551,236729.17066887,4887867.464122688,35872423567.02,5262057.4295999985,5262057.4295999985,1867.533333333333,592662.0,16357837.5,16357837.5,421.48503001,2192.9808
142,2017-05-29 00:00:00,0.9779007417218544,595921917085.0,574153810.8480407,252272.09723391,4473139.315651673,37233600371.057495,5260813.81305,5260813.81305,2130.0529801324506,594355.0,16359725.0,16359725.0,494.90441559,2275.9307
143,2017-05-30 00:00:00,0.980603117318436,595921917085.0,894942260.9700012,399669.58091842,5302595.612593705,36637793849.62821,6132063.831414285,6132063.831414285,1943.9162011173185,634488.0,16361962.5,16361962.5,588.38790095,2239.2053428571426
144,2017-05-31 00:00:00,0.976696451219512,595921917085.0,853819146.3808602,373509.98690076,4858244.024946185,37407051147.545364,5808558.0762,5808558.0762,1961.1829268292686,614126.0,16364012.5,16364012.5,570.4198544,2285.9339142857143
145,2017-06-01 00:00:00,0.9777466411764706,595921917085.0,945504768.844997,394084.67517878,5035984.660005195,39266335456.467316,6245228.673728572,6245228.673728572,1880.6411764705883,610354.0,16366137.5,16366137.5,569.07004507,2399.242671428572
146,2017-06-02 00:00:00,0.9819886164383562,595921917085.0,726398967.4852357,296956.94054565,4325022.119769167,40038367306.688034,5437774.586957143,5437774.586957143,1859.8561643835615,534561.0,16367962.5,16367962.5,470.15193004,2446.142414285714
147,2017-06-03 00:00:00,0.9810524635416668,595921917085.0,818661057.9011427,324123.98086806,5687700.321888219,41347691234.023834,7190853.406164088,7190853.406164088,1590.208333333333,601583.0,16370362.5,16370362.5,545.64725387,2525.76515847
148,2017-06-04 00:00:00,0.9823586708074536,628336862170.7826,627567197.3942982,249413.35979832,5432357.041848144,41195730259.78571,5967104.608285715,5967104.608285715,1652.447204968944,537387.0,16372375.0,16372375.0,441.99355556,2516.173142857143
149,2017-06-05 00:00:00,0.9644301219512196,678760110082.0,796468589.2997327,295172.70586174,5533581.086106182,44183337149.245316,6586584.0163125,6586584.0163125,1767.8658536585365,576032.0,16374425.0,16374425.0,475.43804182,2698.3138125
150,2017-06-06 00:00:00,0.9900443973509934,678760110082.0,886338620.2952278,307402.77109944,5094943.560988008,47218046131.66005,6705146.001529675,6705146.001529675,1969.64238410596,617593.0,16376312.5,16376312.5,511.33813564,2883.313696637142
151,2017-06-07 00:00:00,0.9921228606060608,678760110082.0,883089172.7821318,331375.38349026,5567322.4341921965,43647073231.348434,7060707.825193752,7060707.825193752,2058.909090909091,657364.0,16378375.0,16378375.0,668.13204735,2664.9208625
152,2017-06-08 00:00:00,0.969814206060606,678760110082.0,810352769.0045183,290137.13023306,5567322.4341921965,45750548628.39453,6905690.49109375,6905690.49109375,1862.8909090909087,609712.0,16380437.5,16380437.5,490.9904414,2792.9991875
153,2017-06-09 00:00:00,0.973540092715232,678760110082.0,678997662.0436015,240141.37976078,5094943.560988008,46320881411.2725,6408509.0314500015,6408509.0314500015,1868.7682119205301,571964.0,16382325.0,16382325.0,455.56014992,2827.4913
154,2017-06-10 00:00:00,0.9664552411347516,678760110082.0,671075205.2450426,235847.89724848,4757530.080127876,46618837861.553566,5916952.856428573,5916952.856428573,1808.4609929078013,516474.0,16384087.5,16384087.5,390.90403310000005,2845.372857142857
155,2017-06-11 00:00:00,0.9454748356164384,678760110082.0,657286287.9180187,221919.00747566,4926236.820557944,48532280870.3339,6255384.1416,6255384.1416,1526.6575342465753,467561.0,16385912.5,16385912.5,356.12024978,2961.8296125
156,2017-06-12 00:00:00,0.9675946734693875,678760110082.0,839906528.5138986,316030.55631783,4959978.168643956,43553314505.484375,5779114.42340625,5779114.42340625,1830.5986394557824,538624.0,16387750.0,16387750.0,409.8643713,2657.6750625
157,2017-06-13 00:00:00,0.9771479361702128,678760110082.0,848899018.3329593,308894.41280565,4757530.080127876,45041413814.62786,5967683.913628573,5967683.913628573,2069.333333333333,611325.0,16389512.5,16389512.5,479.43977642,2748.185085714286
158,2017-06-14 00:00:00,0.9693562928571428,678760110082.0,753304915.3769174,307843.1224549,4723788.732041863,40110100599.347664,5217092.61125,5217092.61125,2054.6,565868.0,16391262.5,16391262.5,454.74199601,2447.0415625
159,2017-06-15 00:00:00,0.994383816993464,678760110082.0,731207789.2274827,299371.01404504,5162426.257160036,40040006172.29376,5540766.447125,5540766.447125,1915.954248366013,577610.0,16393175.0,16393175.0,435.40345777,2442.48025
160,2017-06-16 00:00:00,0.9830880472972972,678760110082.0,624436119.9698714,253325.07100154,4993719.5167299695,40413077779.20965,5304593.5203428585,5304593.5203428585,1823.8986486486488,536165.0,16395025.0,16395025.0,375.35139576,2464.9598142857144
161,2017-06-17 00:00:00,0.9857053172413792,679668719408.6483,536083586.0798502,201087.12132022,5129905.644295609,43712771805.8625,5461151.4595,5461151.4595,1631.4068965517242,477378.0,16396837.5,16396837.5,311.39831919,2665.927
162,2017-06-18 00:00:00,0.9366373586206898,711697198173.0,522791407.9265004,208500.29865902,5129905.644295609,41117798759.675896,5066179.983957529,5066179.983957529,1443.855172413793,433246.0,16398650.0,16398650.0,277.99559460000006,2507.389252144286
163,2017-06-19 00:00:00,0.9863162715231788,711697198173.0,610147802.9679633,233129.0732389,5342177.601990599,42923655055.5161,5761788.39289375,5761788.39289375,1786.5827814569534,532642.0,16400537.5,16400537.5,387.16284645,2617.2102625
164,2017-06-20 00:00:00,0.9656752246376812,711697198173.0,712285162.4027885,258544.74981891,4882255.026984787,45187876438.290634,5639440.4777500015,5639440.4777500015,1952.4492753623188,594425.0,16402262.5,16402262.5,388.08537505,2754.97825
165,2017-06-21 00:00:00,0.9830579785714286,711697198173.0,823610544.4732531,308347.88784242,4953012.346216449,43815826861.040634,5729387.77125,5729387.77125,2001.45,585194.0,16404012.5,16404012.5,462.70370719,2671.04325
166,2017-06-22 00:00:00,0.9925778489208632,711697198173.0,692310514.8913088,253845.76609373,4917633.686600618,44743205311.071884,5791396.09454375,5791396.09454375,1940.1798561151081,534177.0,16405750.0,16405750.0,447.10509654,2727.2880125
167,2017-06-23 00:00:00,0.94888029375,711697198173.0,555414772.8416505,204918.92534913,5660585.538533085,44471767180.928566,6125531.765714286,6125531.765714286,1624.6125,506612.0,16407750.0,16407750.0,338.95972894,2710.4122857142856
168,2017-06-24 00:00:00,0.9498387534246576,711697198173.0,415023200.2911672,160292.30208351,5165284.303911441,42487095408.79781,5333679.66825,5333679.66825,1555.664383561644,469727.0,16409575.0,16409575.0,307.20884336,2589.1648875
169,2017-06-25 00:00:00,0.9277245327868852,711697198173.0,509648501.0937488,202855.97048157,4316196.473131477,41230694351.48571,4323782.377714285,4323782.377714285,1481.3032786885244,378448.0,16411100.0,16411100.0,258.68838592,2512.366285714285
170,2017-06-26 00:00:00,0.9872243450704226,711697198173.0,694801740.2655957,285169.58640669996,5023769.6654481115,39989166644.50357,5067818.1988571435,5067818.1988571435,1844.408450704225,515883.0,16412875.0,16412875.0,375.05657594,2436.4510571428573
171,2017-06-27 00:00:00,0.9899487938931296,711697198173.0,727176652.1080906,288802.47535433,4634604.409673964,41330152143.23179,4893544.702614286,4893544.702614286,1982.7251908396947,556158.0,16414512.5,16414512.5,367.89377898,2517.9031142857143
172,2017-06-28 00:00:00,0.9725872356687896,711697198173.0,723115848.4326982,279697.55591561,5554449.55968559,42442320273.548935,5859693.929421429,5859693.929421429,1782.2356687898086,549136.0,16416475.0,16416475.0,385.86002411,2585.349185714286
173,2017-06-29 00:00:00,0.9668369583333334,711697198173.0,609903745.5787157,239702.98533171,4245439.153899814,41774133240.188126,4529057.7655,4529057.7655,1925.45,467647.0,16417975.0,16417975.0,341.40053758,2544.414475
174,2017-06-30 00:00:00,0.9563143831168832,711697198173.0,751359279.4975027,303255.86546903,5448313.5808380935,40682623613.3625,5463199.2318750005,5463199.2318750005,1736.1038961038962,533427.0,16419900.0,16419900.0,357.17190559,2477.641375
175,2017-07-01 00:00:00,0.8827326097560976,711697198173.0,505340302.2747644,207610.57403305,5802100.176996413,39972304954.08187,5415823.244062499,5415823.244062499,1352.780487804878,440616.0,16421950.0,16421950.0,255.27403629,2434.0778625
176,2017-07-02 00:00:00,0.7795832978723404,708707940675.8989,471702116.7852093,188590.97610916,6622798.79067395,41080316972.48857,6165436.660142858,6165436.660142858,1045.4202127659576,409305.0,16424300.0,16424300.0,197.85958294,2501.191342857143
177,2017-07-03 00:00:00,0.8157695352941177,708659466230.0,595876275.2876742,232652.80308420002,5988701.034120061,42071777410.52143,5975338.924857142,5975338.924857142,1489.6705882352942,497458.0,16426425.0,16426425.0,283.21012118,2561.2254285714293
178,2017-07-04 00:00:00,0.89702977124183,708659466230.0,568885136.2934088,218824.71327885,5389830.9307080535,42709239179.270164,5536124.68895625,5536124.68895625,1669.8235294117646,548401.0,16428337.5,16428337.5,293.93425872,2599.7298375
179,2017-07-05 00:00:00,0.9095399194630872,708659466230.0,730594292.9350008,278939.28636151,5248920.318140525,43033774511.861015,5284210.787311146,5284210.787311146,1590.6577181208054,476016.0,16430200.0,16430200.0,225.82080685,2619.1875030042856
180,2017-07-06 00:00:00,0.9563046619718312,708659466230.0,538505332.2174941,206326.43151146,5002326.746147344,42886924818.80624,5092047.08025,5092047.08025,1585.2535211267605,459294.0,16431975.0,16431975.0,241.52060511,2609.96775
181,2017-07-07 00:00:00,0.9370602094594594,708659466230.0,715785277.0249152,287325.35650684,5213692.664998642,40939964795.358925,5027244.05042857,5027244.05042857,1646.0405405405404,559413.0,16433825.0,16433825.0,240.65571245,2491.2012142857143
182,2017-07-08 00:00:00,0.858895296969697,708659466230.0,558655116.2596487,218043.17962244,5812562.768410647,42110891329.15047,5589288.0402437495,5589288.0402437495,1338.3939393939395,451048.0,16435887.5,16435887.5,192.41183082,2562.1306625
183,2017-07-09 00:00:00,0.7496167971014494,708659466230.0,649899495.6941388,256245.37423699998,4861416.133579817,41689712862.03671,4618491.1051875,4618491.1051875,1363.2173913043478,390402.0,16437612.5,16437612.5,157.22803089,2536.2389375
184,2017-07-10 00:00:00,0.7466579086294417,708659466230.0,686994894.8798525,290340.44612291,6939847.668950894,38900014611.33214,6117732.904357143,6117732.904357143,1277.7766497461928,567052.0,16440075.0,16440075.0,205.57250621,2366.1701428571428
185,2017-07-11 00:00:00,0.8901076242774566,708659466230.0,651438758.555755,274884.66552628,6094383.993545709,38965835960.22696,5418689.756978571,5418689.756978571,1536.179190751445,563334.0,16442237.5,16442237.5,207.57617324,2369.8621285714285
186,2017-07-12 00:00:00,0.8815641581920904,708659466230.0,568381379.6042322,238240.26823744,6235294.606113241,39232323095.428566,5595773.274285715,5595773.274285715,1452.7570621468924,513002.0,16444450.0,16444450.0,222.35199706,2385.748571428572
187,2017-07-13 00:00:00,0.8553354713375796,708659466230.0,443677408.29146016,188415.37831089,5530741.543275587,38727739418.65938,4943867.783291667,4943867.783291667,1566.2101910828023,489848.0,16446412.5,16446412.5,210.79018124,2354.7834166666667
188,2017-07-14 00:00:00,0.9002089784172662,761764941640.259,486550966.17120284,222073.27749605,5559049.844066968,36037038604.84167,4133223.0875833333,4133223.0875833333,1639.589928057554,473082.0,16448150.0,16448150.0,215.37764419,2190.947833333333
189,2017-07-15 00:00:00,0.97498737007874,804525194568.0,448326857.8923175,217740.56141369,5079131.871917302,33869937133.654995,3915180.1334,3915180.1334,1746.8582677165357,446599.0,16449737.5,16449737.5,378.35756847,2058.9956
190,2017-07-16 00:00:00,0.8402697177914108,804525194568.0,461314550.0945608,238872.79112139996,6518885.788366299,31771903140.3825,4114452.06615,4114452.06615,1246.4110429447853,406436.0,16451775.0,16451775.0,166.92852306,1931.2143
191,2017-07-17 00:00:00,0.94528775,804525194568.0,570175601.509061,261954.17112031,5918988.323179216,35813346629.51719,4307537.8817625,4307537.8817625,1556.1824324324325,475431.0,16453625.0,16453625.0,198.03657541,2176.6234875
192,2017-07-18 00:00:00,0.9594278727272728,804525194568.0,619790724.7574261,267137.09795138,6598872.117057911,38179206707.79688,5135590.6003749985,5135590.6003749985,1579.2424242424242,561055.0,16455687.5,16455687.5,224.51846967,2320.12225
193,2017-07-19 00:00:00,0.9393000738255034,804525194568.0,584802118.292619,258217.49167811,5958981.4875250235,37272494746.035,4503486.59445,4503486.59445,1703.1409395973153,519400.0,16457550.0,16457550.0,201.60223858,2264.7657
194,2017-07-20 00:00:00,0.9294561296296296,804525194568.0,755326162.6527942,260620.10265072,6478892.624020495,47702949608.25625,6303559.8062499985,6303559.8062499985,1420.9814814814815,477427.0,16459575.0,16459575.0,229.27219537,2898.1884166666664
195,2017-07-21 00:00:00,0.9765167662337662,804525194568.0,678739138.7077827,253053.57998798,6158947.30925405,44152958959.79376,5613834.8937125,5613834.8937125,1743.1363636363635,542764.0,16461500.0,16461500.0,249.73969757,2682.1953625
196,2017-07-22 00:00:00,0.92575418125,804525194568.0,498204137.65635633,177447.78049873,6398906.295328883,46223084883.071434,5890365.480285713,5890365.480285713,1395.9875,433135.0,16463500.0,16463500.0,171.03691992,2807.609857142857
197,2017-07-23 00:00:00,0.683351726744186,804525194568.0,423959853.1321456,155550.21819622,6878824.267478547,44877947692.232506,5998934.926383334,5998934.926383334,1052.5058139534883,353197.0,16465650.0,16465650.0,125.37693822,2725.549716666667
198,2017-07-24 00:00:00,0.8944241123595505,804525194568.0,552414399.1383064,200745.03152739,7118783.253553381,45316644720.88572,6381472.965257144,6381472.965257144,1348.7191011235955,469352.0,16467875.0,16467875.0,166.96352984,2751.821028571429
199,2017-07-25 00:00:00,0.9342543243243244,804525194568.0,758199393.1263995,296056.23190559,5918988.323179216,42178931413.072914,4978579.95,4978579.95,1648.891891891892,511831.0,16469725.0,16469725.0,168.49293292,2560.9979166666667
200,2017-07-26 00:00:00,0.9673388231292516,804525194568.0,676202732.8508737,271020.03428842,5878995.158833412,41097019288.87946,4829127.82765,4829127.82765,1618.047619047619,460146.0,16471562.5,16471562.5,167.53481996,2495.028585714286
201,2017-07-27 00:00:00,0.9236066363636364,836351931635.4286,827890554.6047918,312691.77266599,6585327.485297888,43615617342.1875,5348202.5,5348202.5,1463.435064935065,443425.0,16473487.5,16473487.5,166.27056958,2647.625
202,2017-07-28 00:00:00,0.9168634066666668,860221984436.0,1328334473.746265,477537.03043209,6414280.0181472935,45828471053.678116,5563273.166666666,5563273.166666666,1648.0466666666666,487086.0,16475362.5,16475362.5,188.43132327,2781.636583333333
203,2017-07-29 00:00:00,0.8722031528662421,860221984436.0,928609716.2639904,341085.52993273,6713613.085660834,44859727986.86965,5536229.74975,5536229.74975,1344.8025477707006,416822.0,16477325.0,16477325.0,156.46665323,2722.512785714286
204,2017-07-30 00:00:00,0.8103373605442177,860221984436.0,1121219506.5610485,408316.71911196,6285994.417784347,45251045529.0052,5226926.135624999,5226926.135624999,1252.687074829932,386558.0,16479162.5,16479162.5,138.11682207,2745.9554166666658
205,2017-07-31 00:00:00,0.9267220137931036,860221984436.0,1772644310.5877647,618414.99003852,6200470.6842090525,47241588637.54167,5550844.9225,5550844.9225,1593.1862068965518,485988.0,16480975.0,16480975.0,194.86886623,2866.431666666667
206,2017-08-01 00:00:00,0.7252916308724833,860221984436.0,1369195845.96077,505161.32127589,6371518.151359645,44675298135.74333,5102352.597999998,5102352.597999998,885.0671140939598,301131.0,16482837.5,16482837.5,75.94662047,2710.4130666666665
207,2017-08-02 00:00:00,0.8780834671052631,860221984436.0,1412768876.8473947,524484.35295545,6499803.751722589,44403849136.329384,5295684.411233334,5295684.411233334,1377.1118421052633,403175.0,16484737.5,16484737.5,130.51485681,2693.6339833333336
208,2017-08-03 00:00:00,0.8688547101449275,860221984436.0,970956325.8441828,347500.15006616,5901137.61669551,46065116956.41061,5009853.065983333,5009853.065983333,1543.6014492753625,427728.0,16486462.5,16486462.5,124.10595421,2794.117716666666
209,2017-08-04 00:00:00,0.9241476480446928,860221984436.0,1196484564.9991226,416334.92143627,7654374.154989103,47386068357.75834,6553817.395541668,6553817.395541668,1317.2737430167595,467900.0,16488700.0,16488700.0,113.47123621,2873.851083333333
210,2017-08-05 00:00:00,0.8812315932203392,860221984436.0,983755829.8746344,305693.18522792,7568850.421413807,53069653154.78604,7255240.305075,7255240.305075,1354.638418079096,463849.0,16490912.5,16490912.5,113.56678695,3218.115016666666
211,2017-08-06 00:00:00,0.7864340071428572,860221984436.0,1044204487.0596856,321040.55690193,5986661.350270805,53643416122.41167,5802571.5594666675,5802571.5594666675,1425.9071428571426,408435.0,16492662.5,16492662.5,87.90639938,3252.5625333333332
212,2017-08-07 00:00:00,0.9436978235294116,860221984436.0,1385571339.143034,406656.61751305,6542565.61851024,56200758544.42917,6700311.56775,6700311.56775,1627.4640522875818,512717.0,16494575.0,16494575.0,121.82649183,3407.2268333333336
213,2017-08-08 00:00:00,0.9792477073170732,860221984436.0,1245606695.5582724,360275.33482536,7012946.153174372,57035007861.625,7395323.699,7395323.699,1680.3292682926829,587787.0,16496625.0,16496625.0,159.06311046,3457.374333333333
214,2017-08-09 00:00:00,0.954165920289855,888074709977.5363,807119553.20315,240405.45275459,6333394.737368573,55390344636.577515,6117048.548966668,6117048.548966668,1890.9782608695648,532314.0,16498350.0,16498350.0,157.95191308,3357.326316666667
215,2017-08-10 00:00:00,0.9812816417910448,923233068448.0,963128414.0931604,281254.30230846,6149818.078314411,56502754910.105,6163927.560000001,6163927.560000001,1925.1119402985073,550474.0,16500025.0,16500025.0,193.18600285,3424.4042000000004
216,2017-08-11 00:00:00,0.9671709027777776,923233068448.0,991542730.4228752,272963.77444305,6608759.725949816,59942989324.66665,7130610.586666668,7130610.586666668,1972.229166666667,580987.0,16501825.0,16501825.0,234.94470226,3632.506666666666
217,2017-08-12 00:00:00,0.9799150296296296,923233068448.0,870629381.104836,225972.98654355,6195712.243077952,63584781055.95072,7067966.946257142,7067966.946257142,1929.7851851851847,530699.0,16503512.5,16503512.5,210.75240215,3852.802914285715
218,2017-08-13 00:00:00,0.9833201554054054,923233068448.0,926444961.9565744,224562.88412238,6792336.385003977,68093665581.25725,8147957.339500002,8147957.339500002,1779.1216216216214,516470.0,16505362.5,16505362.5,189.71104645,4125.54802
219,2017-08-14 00:00:00,0.9552627615384616,923233068448.0,873611922.4864823,203972.34514715,5966241.41926025,70699295406.6,7782196.464000002,7782196.464000002,1964.323076923077,542909.0,16506987.5,16506987.5,249.18827382,4282.992
220,2017-08-15 00:00:00,0.9750699013157894,923233068448.0,1206087776.3574073,286004.19119451,6975913.0440581385,69618446260.69875,9146734.444671428,9146734.444671428,2046.0657894736842,650899.0,16508887.5,16508887.5,350.45038263,4217.028328571429
221,2017-08-16 00:00:00,0.9667277076923076,923233068448.0,982522797.1334537,225303.95287487,5966241.41926025,72000312096.68233,8320553.070685714,8320553.070685714,2114.353846153846,543436.0,16510512.5,16510512.5,347.52500864,4360.876871428572
222,2017-08-17 00:00:00,0.9786816033519552,923233068448.0,1318331836.483472,304554.25517204,8215055.49267373,71479165577.8875,10849951.008825,10849951.008825,1940.3296089385474,631515.0,16512750.0,16512750.0,365.31634907,4328.725716666667
223,2017-08-18 00:00:00,0.9599873624161074,923233068448.0,1137241535.0130804,275331.80887693,6838230.5497675175,68212617155.474174,8775119.921633335,8775119.921633335,2095.6375838926174,580732.0,16514612.5,16514612.5,337.96192313,4130.440066666667
224,2017-08-19 00:00:00,0.9664551589403974,923233068448.0,1323689299.8684769,313472.69392998,6930018.8792945985,69743600462.25,8768358.087964285,8768358.087964285,1767.0993377483444,535350.0,16516500.0,16516500.0,265.91179874,4222.662214285714
225,2017-08-20 00:00:00,0.961449,923233068448.0,755018135.82287,181583.87597231,5966241.41926025,68681670539.354164,7392849.383266668,7392849.383266668,1621.9384615384615,444725.0,16518125.0,16518125.0,208.98199629,4157.958033333333
226,2017-08-21 00:00:00,0.9764870000000001,923233068448.0,819457187.4881102,202649.23936119,5277828.947807143,66800518311.625,6787387.377,6787387.377,2058.8869565217387,501755.0,16519562.5,16519562.5,297.96496476,4043.722
227,2017-08-22 00:00:00,0.9981752359550562,923233068448.0,881477645.717734,215933.01456173,4084580.6639550943,67440385316.830414,5749751.915025,5749751.915025,2205.4269662921347,419158.0,16520675.0,16520675.0,334.18474511,4082.180983333333
228,2017-08-23 00:00:00,0.9865106666666668,923233068448.0,1059426386.839234,253757.86221134,7297172.1974029215,68981289804.375,10230714.975,10230714.975,1985.748427672956,628516.0,16522662.5,16522662.5,541.97068152,4174.95
229,2017-08-24 00:00:00,0.9387862277227722,891643263404.6238,756043560.9375308,174190.8736831,4459277.507650397,71719067902.44626,6929315.6381583335,6929315.6381583335,2017.8712871287128,423332.0,16523925.0,16523925.0,385.99923422,4340.316716666667
230,2017-08-25 00:00:00,0.92875899009901,888171856257.0,765174341.3959026,175375.84051831,4459277.507650397,72100292858.95938,7153227.770775,7153227.770775,2061.0792079207918,471224.0,16525187.5,16525187.5,425.81587924,4363.05445
231,2017-08-26 00:00:00,0.9982181523809524,888171856257.0,696876277.1330239,159815.1929658,4635882.557458333,72064023327.89166,7319121.6020249985,7319121.6020249985,2157.0,472784.0,16526500.0,16526500.0,425.31312205,4360.5133166666665
232,2017-08-27 00:00:00,0.9908020129032258,888171856257.0,781459739.10363,179468.16791116,6843445.680057538,71969913143.22917,9642615.804166667,9642615.804166667,1689.6193548387093,509082.0,16528437.5,16528437.5,358.84272769999995,4354.308333333333
233,2017-08-28 00:00:00,0.9813002325581396,888171856257.0,925154460.7864901,210661.02871160003,5695512.856305951,72594582814.17583,8451775.682825001,8451775.682825001,1734.6589147286822,504370.0,16530050.0,16530050.0,378.17846684,4391.673516666667
234,2017-08-29 00:00:00,0.9981771140939596,888171856257.0,1144825472.108911,248443.81227569,6578538.105345633,76178812260.67313,10384095.211575,10384095.211575,1886.6845637583888,593017.0,16531912.5,16531912.5,461.76014165,4607.98545
235,2017-08-30 00:00:00,0.983372113095238,888171856257.0,1010875740.7522805,219995.30221876,7417412.091933332,75973586549.24814,11046350.7914,11046350.7914,1615.8690476190475,565808.0,16534012.5,16534012.5,388.49753062,4594.98785
236,2017-08-31 00:00:00,0.9816415337423312,888171856257.0,1192190047.0720818,251079.61705344,7196655.779673412,78517382092.75,11260486.7325,11260486.7325,1722.2331288343555,589297.0,16536050.0,16536050.0,413.21489691,4748.255
237,2017-09-01 00:00:00,0.9718795862068964,888171856257.0,1228012219.9381466,250015.72065525,7682319.666645237,81231461537.13707,12131997.841166666,12131997.841166666,1630.287356321839,591520.0,16538225.0,16538225.0,382.74200641,4911.740016666667
238,2017-09-02 00:00:00,0.8090010182926829,888171856257.0,918257379.5479617,200475.91684273,7240807.042125395,75760868525.75699,10374577.6422,10374577.6422,1443.969512195122,536081.0,16540275.0,16540275.0,290.49925993,4580.3874799999985
239,2017-09-03 00:00:00,0.7657666623376623,888171856257.0,795926407.7951647,171234.72742958,6799294.417605555,76890792076.29668,9700709.885216668,9700709.885216668,1268.1103896103896,437076.0,16542200.0,16542200.0,239.13526989,4648.159983333334
240,2017-09-04 00:00:00,0.9276607771428572,888171856257.0,1422579714.8570426,327474.10651346,7726470.929097221,71870445889.03104,10527922.270441666,10527922.270441666,1538.7428571428575,561328.0,16544387.5,16544387.5,325.4016802,4344.0983166666665
241,2017-09-05 00:00:00,0.7635656243654823,888171856257.0,1403653848.428348,312706.91971194,8697798.703040872,74274178848.559,11928773.77205,11928773.77205,1410.9035532994924,601576.0,16546850.0,16546850.0,281.90480312,4488.720139999999
242,2017-09-06 00:00:00,0.9041358024691358,903315386418.9012,1347017552.0214765,290191.55564021,7430760.765994303,76816932326.06458,10290919.41095,10290919.41095,1705.0925925925924,587813.0,16548875.0,16548875.0,272.59987797,4641.822016666666
243,2017-09-07 00:00:00,0.8100413181818182,922724699725.0,1261424204.1056025,271002.52448286,8072925.276635787,77039601932.88751,11050159.279,11050159.279,1456.6704545454545,526959.0,16551075.0,16551075.0,257.33579475,4654.658500000001
244,2017-09-08 00:00:00,0.9131877142857144,922724699725.0,1024260564.1263994,237606.1057972,8027056.383018538,71356979356.6398,10028960.301525,10028960.301525,1597.0742857142857,606485.0,16553262.5,16553262.5,217.76572461,4310.750183333334
245,2017-09-09 00:00:00,0.7317358579881656,922724699725.0,778259235.6389524,177865.07807325,7751843.021315045,72439028688.42,9554034.21192,9554034.21192,1289.2899408284025,452503.0,16555375.0,16555375.0,144.85041627,4375.559520000001
246,2017-09-10 00:00:00,0.7842028550724638,922724699725.0,875474655.9534281,202190.24353681,6329907.319180332,71691497930.5,7845878.46,7845878.46,1400.2898550724638,412029.0,16557100.0,16557100.0,143.23841995,4329.955
247,2017-09-11 00:00:00,0.8293522586206896,922724699725.0,848892503.35962,199829.21737278,7981187.489401288,70345290810.7379,9592187.257633332,9592187.257633332,1456.8505747126435,537474.0,16559275.0,16559275.0,159.73383041,4248.090016666666
248,2017-09-12 00:00:00,0.7112392021276597,922724699725.0,906438524.0813711,214844.90570682,8623352.000042772,69874102306.50209,10193192.465866668,10193192.465866668,1362.9255319148936,549109.0,16561625.0,16561625.0,148.9079562,4219.036616666667
249,2017-09-13 00:00:00,0.7137803894736843,922724699725.0,1003125422.2257359,253233.20588187,8715089.78727727,65614497261.066666,9617966.635466667,9617966.635466667,1385.8947368421052,543777.0,16564000.0,16564000.0,133.73148672,3961.271266666666
250,2017-09-14 00:00:00,0.8023505804597701,922724699725.0,889710944.008651,268015.09325095,7981187.489401288,54993571515.249985,7489085.279999998,7489085.279999998,1540.6206896551723,552954.0,16566175.0,16566175.0,153.73503588,3319.63
251,2017-09-15 00:00:00,0.8441772333333333,922724699725.0,1503345854.3289788,398314.8351992,8256400.851104781,62533631277.012085,8227898.3176666675,8227898.3176666675,1622.661111111111,637364.0,16568425.0,16568425.0,12.81949192,3774.2652833333336
252,2017-09-16 00:00:00,0.7010672307692307,922724699725.0,753316071.8132362,200156.99323125,7751843.021315045,62365306431.7965,8161423.06774,8161423.06774,1350.6331360946745,486762.0,16570537.5,16570537.5,119.91780546,3763.6260399999996
253,2017-09-17 00:00:00,0.5814639147727273,922724699725.0,571971943.1618744,152686.24196026,8072925.276635787,62082482021.2277,8368699.789966666,8368699.789966666,1123.1988636363637,433778.0,16572737.5,16572737.5,99.41066001,3746.0607833333333
254,2017-09-18 00:00:00,0.9119924094488188,1052185622754.5197,838578661.7089372,204865.32804505,6965995.451677618,67843960761.250015,6960684.991666667,6960684.991666667,1718.1417322834643,481944.0,16574325.0,16574325.0,168.30810036,4093.316666666667
255,2017-09-19 00:00:00,0.9567676089743588,1103400932964.0,857981325.7805322,217573.26794229,8556655.830407152,65367103852.0,8091884.16,8091884.16,1813.570512820513,578178.0,16576275.0,16576275.0,173.70341529,3943.413333333333
256,2017-09-20 00:00:00,0.9482453846153848,1103400932964.0,736406709.8247888,185140.23704425,6417491.8728053635,65938973200.0625,6147321.555833332,6147321.555833332,2014.726495726496,480582.0,16577737.5,16577737.5,146.40700953,3977.561666666666
257,2017-09-21 00:00:00,0.7673945738636363,1103400932964.0,688978348.8716365,188302.13751506,9653662.988151658,60664303198.53021,8287404.385249998,8287404.385249998,1450.3238636363635,533108.0,16579937.5,16579937.5,136.34884416,3658.8981833333332
258,2017-09-22 00:00:00,0.8020077482014388,1103400932964.0,723462621.6503669,198889.92837967,7624199.746324318,60315885095.77125,6520223.320874998,6520223.320874998,1637.5179856115105,515183.0,16581675.0,16581675.0,117.16416809999998,3637.50255
259,2017-09-23 00:00:00,0.630479656626506,1103400932964.0,498447359.0083878,131990.54339702,9105159.409279406,62626656252.875,7983281.9066,7983281.9066,1228.0783132530119,427804.0,16583750.0,16583750.0,99.69585805,3776.3869
260,2017-09-24 00:00:00,0.656781524137931,1103400932964.0,359612295.3794406,97112.70530596,7953301.893647673,61417012140.61562,6815446.316325001,6815446.316325001,1277.7724137931034,383448.0,16585562.5,16585562.5,83.67519444,3703.04065
261,2017-09-25 00:00:00,0.916413568,1103400932964.0,1013757769.8676177,257132.18201588,6856294.735903166,65395652604.375015,6522957.247500001,6522957.247500001,1812.8239999999998,505248.0,16587125.0,16587125.0,147.37049675,3942.555
262,2017-09-26 00:00:00,0.9622311086956522,1103400932964.0,774208152.9912612,197991.63520779,7569349.388437095,64867502636.00916,7065925.441683332,7065925.441683332,1910.4927536231885,544621.0,16588850.0,16588850.0,150.08561133,3910.3073833333333
263,2017-09-27 00:00:00,0.8489842857142857,1103400932964.0,721892560.1762347,171774.68540903,8063002.609422122,69723276430.05104,8033183.850641668,8033183.850641668,1754.8367346938776,548154.0,16590687.5,16590687.5,143.49865258,4202.554983333333
264,2017-09-28 00:00:00,0.8439419661016948,1103400932964.0,841302338.5628892,200215.26199905,9708513.346038884,69723184107.745,9528010.170875,9528010.170875,1559.1864406779664,561792.0,16592900.0,16592900.0,134.45160224,4201.98905
265,2017-09-29 00:00:00,0.8328140118343195,1103400932964.0,729473582.8277419,173950.30273959,9269710.48294108,69592424013.01666,9047637.343333332,9047637.343333332,1505.5502958579882,569237.0,16595012.5,16595012.5,115.33216245,4193.574666666666
266,2017-09-30 00:00:00,0.7862133985507247,1103400932964.0,663214577.8754754,152977.6778886,7569349.388437095,71952969917.53354,7690943.393766668,7690943.393766668,1541.144927536232,467807.0,16596737.5,16596737.5,101.44145793,4335.368316666667
267,2017-10-01 00:00:00,0.9128472923076922,1103400932964.0,499781337.71793115,114609.74281977,7130546.525339292,72380860562.80876,7369621.813666668,7369621.813666668,1566.5615384615385,416589.0,16598362.5,16598362.5,119.05349794,4360.722966666667
268,2017-10-02 00:00:00,1.0015023933333334,1123590453769.76,848062737.1766696,193317.80496273,8380132.039612957,72823312134.89062,8729898.6625,8729898.6625,1966.68,606137.0,16600237.5,16600237.5,180.47323995,4386.88375
269,2017-10-03 00:00:00,0.8758622349726777,1123863285132.0,691406024.4821082,161042.77865506,10223761.08832781,71279730159.165,10134350.2293,10134350.2293,1541.704918032787,591541.0,16602525.0,16602525.0,152.53441884,4293.3066
270,2017-10-04 00:00:00,0.8374743656716418,1123863285132.0,591746166.8150624,140052.46334532,7486251.288720908,70155650735.0,7436308.0,7436308.0,1737.5074626865674,496067.0,16604200.0,16604200.0,136.73283395,4225.175
271,2017-10-05 00:00:00,1.018034224,1123863285132.0,814413222.0180073,187702.46646302,6983443.366344132,72049945834.65,7204663.745999998,7204663.745999998,2185.944,552622.0,16605762.5,16605762.5,160.34424031,4338.852
272,2017-10-06 00:00:00,0.92043579245283,1123863285132.0,714231923.3015436,164357.36732411,8882939.961989732,72170693759.16667,8954115.668333333,8954115.668333333,1784.2704402515726,609682.0,16607750.0,16607750.0,149.02120217,4345.6033333333335
273,2017-10-07 00:00:00,0.8365080696202531,1123863285132.0,553329639.8231318,126440.90615085,8827072.415058982,72687340130.625,8787392.866666667,8787392.866666667,1463.4556962025315,505784.0,16609725.0,16609725.0,108.21556432,4376.191666666667
274,2017-10-08 00:00:00,0.7644199010989011,1123863285132.0,676195487.4803518,146926.16652954,10167893.541397054,76453090033.93332,10645075.68315,10645075.68315,1309.8076923076926,496285.0,16612000.0,16612000.0,111.79647505,4602.280883333334
275,2017-10-09 00:00:00,0.9215362173913044,1123863285132.0,1118783648.00353,234154.70571002,8994675.05585124,79381217030.69771,9983563.752925,9983563.752925,1844.3850931677014,585027.0,16614012.5,16614012.5,149.34098656,4777.967816666666
276,2017-10-10 00:00:00,0.9642725875,1123863285132.0,1174146928.6111064,245520.32265177,8938807.508920489,79462424258.5,10009312.04,10009312.04,1894.38125,613363.0,16616012.5,16616012.5,167.25820990000003,4782.28
277,2017-10-11 00:00:00,1.016095071942446,1123863285132.0,837665469.6247169,173808.05965199,7765589.023374672,80089009599.025,8773873.838216666,8773873.838216666,2104.021582733813,604454.0,16617750.0,16617750.0,148.17289183,4819.485766666667
278,2017-10-12 00:00:00,0.9775429869281046,1123863285132.0,1107300179.9945877,207938.59265468,8547734.680405214,88501874725.39436,10754101.414991666,10754101.414991666,1916.1045751633987,588009.0,16619662.5,16619662.5,174.41451469999998,5325.130683333333
279,2017-10-13 00:00:00,1.0254950808823529,1123863285132.0,1448422309.530667,260329.37920745,7597986.382582414,92478045824.44708,10610179.122633332,10610179.122633332,2278.080882352941,660223.0,16621362.5,16621362.5,281.53458216,5563.806566666666
280,2017-10-14 00:00:00,1.0232214397163122,1123863285132.0,1023554358.7032051,178337.0127742,7877324.117236177,95407407494.04167,11022592.087366667,11022592.087366667,2079.0070921985816,594481.0,16623125.0,16623125.0,227.59563891,5739.4387333333325
281,2017-10-15 00:00:00,0.8937678615384614,1182954806242.9128,868580434.8434143,153804.2321925,11601113.065304575,93889733071.14584,14217107.120833335,14217107.120833335,1453.7076923076922,578160.0,16625562.5,16625562.5,162.70732819999998,5647.311666666667
282,2017-10-16 00:00:00,0.9177636379310344,1196792694098.0,1149273838.9302495,201231.38016053,10351762.427502545,94964431959.39334,13050105.405333335,13050105.405333335,1808.7643678160919,643456.0,16627737.5,16627737.5,193.41946089,5711.205866666667
283,2017-10-17 00:00:00,0.986573225609756,1196792694098.0,1111146061.464012,198287.46999735,9756833.55235872,93188555403.20026,12204886.78332,12204886.78332,2039.256097560976,670954.0,16629787.5,16629787.5,209.13726138,5603.712939999999
284,2017-10-18 00:00:00,1.0175214900662253,1196792694098.0,1395865356.3145823,251680.67712718,8983426.014671747,92242198387.96753,11106217.64025,11106217.64025,2182.6423841059604,646477.0,16631675.0,16631675.0,192.2026716,5546.1761000000015
285,2017-10-19 00:00:00,0.9940413202247192,1196792694098.0,1448451291.6570027,252888.26382781,10589733.977560073,95272882875.65,13368296.589000002,13368296.589000002,2005.5337078651685,692404.0,16633900.0,16633900.0,191.51239568,5727.6335
286,2017-10-20 00:00:00,0.993012631284916,1196792694098.0,1118742453.8259008,187097.57800228,10649226.865074456,99475116073.968,13875336.558720002,13875336.558720002,1745.3016759776535,644654.0,16636137.5,16636137.5,161.97244556,5979.4598399999995
287,2017-10-21 00:00:00,1.0400787516339869,1196792694098.0,929448820.6090529,154383.95991099998,9102411.789700512,100167245085.88416,12037733.180825,12037733.180825,2040.8954248366013,606416.0,16638050.0,16638050.0,167.76730117,6020.371683333334
288,2017-10-22 00:00:00,1.0052862252747252,1196792694098.0,1006861960.4571172,168281.94952755,10827705.527617602,99562135446.97876,14108349.168900002,14108349.168900002,1588.631868131868,573796.0,16640325.0,16640325.0,155.33193023,5983.184550000001
289,2017-10-23 00:00:00,0.9721712514619884,1196792694098.0,2396482266.958034,407836.91191003,10173283.7649594,97792438828.005,13224117.739933334,13224117.739933334,1848.5146198830412,640545.0,16642462.5,16642462.5,185.64433949,5876.079866666668
290,2017-10-24 00:00:00,1.0410116407185628,1196792694098.0,2102862590.159737,381933.95784933,9935312.214901865,91642025553.67166,12165126.45045,12165126.45045,2079.1616766467064,716443.0,16644550.0,16644550.0,199.79056912,5505.827766666666
291,2017-10-25 00:00:00,0.9696755567567568,1196792694098.0,2136570417.6229987,376845.26704582,11006184.19016075,94381426739.30168,13473857.950466668,13473857.950466668,1704.945945945946,636240.0,16646862.5,16646862.5,141.97537543,5669.622533333334
292,2017-10-26 00:00:00,0.7323564888888889,1233777273049.2334,1970506447.2919593,334373.01281081,12999790.28699091,98115524477.1552,13483500.697333332,13483500.697333332,1476.8166666666666,555497.0,16649112.5,16649112.5,112.65051758,5893.138416666667
293,2017-10-27 00:00:00,1.0319484615384615,1452839779145.0,952470634.5481749,165001.2667461,7510989.943594749,96114589130.80562,8162322.046433332,8162322.046433332,2372.038461538461,552374.0,16650412.5,16650412.5,166.66745997,5772.504983333332
294,2017-10-28 00:00:00,1.007806905882353,1452839779145.0,645113300.5501609,111675.11575108,6138789.857745709,96190524845.50124,6888711.1128750015,6888711.1128750015,2436.070588235294,440621.0,16651475.0,16651475.0,175.03828084,5776.696950000001
295,2017-10-29 00:00:00,1.0180084025974026,1452839779145.0,1306645347.2750108,212275.09596066,11122042.801092226,102508904908.66801,13055675.55642,13055675.55642,2168.9935064935066,666706.0,16653400.0,16653400.0,278.85712501,6155.434020000001
296,2017-10-30 00:00:00,1.0285091360544218,1452839779145.0,1681454664.1607616,275383.1152717,10616495.401042577,101694785279.22723,12373554.10683,12373554.10683,2150.183673469388,672642.0,16655237.5,16655237.5,263.59097424,6105.874220000001
297,2017-10-31 00:00:00,1.0369971739130437,1452839779145.0,1589432235.9981914,248790.18861326,9966505.886693032,106415422966.97293,12093705.3005,12093705.3005,2011.123188405797,611373.0,16656962.5,16656962.5,231.89499927,6388.645166666666
298,2017-11-01 00:00:00,1.0432853027522937,1452839779145.0,1269855999.9227078,190517.26503418,7872095.2293444965,111032844955.63876,10194586.572158333,10194586.572158333,2218.238532110092,733878.0,16658325.0,16658325.0,219.15266455,6665.306683333332
299,2017-11-02 00:00:00,1.03739566,1452839779145.0,2392765593.595849,338534.06749591,10833158.572492426,117758780931.82875,14715617.8482,14715617.8482,2276.4933333333333,704944.0,16660787.5,16660787.5,277.59079476,7068.020100000002
300,2017-11-03 00:00:00,1.046605974789916,1452839779145.0,1672135010.0887766,232314.53795784,8594305.800843991,119930391012.7365,12261316.12221,12261316.12221,2332.756302521009,670928.0,16662275.0,16662275.0,271.77385265,7197.72006
301,2017-11-04 00:00:00,1.0282480076923075,1452839779145.0,1424364752.5466845,191510.11186111,9388737.429493437,123938478074.60165,13655329.529399997,13655329.529399997,2262.4692307692308,588058.0,16663900.0,16663900.0,273.249729,7437.543316666666
302,2017-11-05 00:00:00,1.0426671631205673,1452839779145.0,1309726635.2080295,177541.60764676,10183169.058142882,122942798361.19293,13953618.89155,13953618.89155,1785.3049645390072,555458.0,16665662.5,16665662.5,197.6563993,7377.012366666668
303,2017-11-06 00:00:00,1.0445533759398498,1452839779145.0,1568492020.0405884,224420.65196173,9605400.600943282,116489128916.625,12842419.1875,12842419.1875,2037.812030075188,608650.0,16667325.0,16667325.0,240.33789733,6989.071666666668
304,2017-11-07 00:00:00,1.0263800833333334,1452839779145.0,1826009240.699988,257469.89311157,11266484.915392125,118220619187.42247,15347363.332933333,15347363.332933333,2151.5128205128203,714349.0,16669275.0,16669275.0,294.12731396,7092.127233333333
305,2017-11-08 00:00:00,1.0268310069444444,1452839779145.0,1888939271.110504,254715.51816678,10399832.22959273,123630662496.61874,15069064.604000002,15069064.604000002,2092.680555555556,646100.0,16671075.0,16671075.0,306.25172521,7415.878250000002
306,2017-11-09 00:00:00,1.024794026143791,1452839779145.0,2267000254.327105,316706.97361926,11049821.743942276,119345862425.91675,15722628.40229,15722628.40229,2230.59477124183,727945.0,16672987.5,16672987.5,361.32993999,7158.03706
307,2017-11-10 00:00:00,1.0500130666666667,1423367213138.3333,1944419256.1213691,289374.0331392,8139094.744961297,112042515457.35187,11846298.40955,11846298.40955,2264.5416666666665,619943.0,16674487.5,16674487.5,319.97295719,6719.39785
308,2017-11-11 00:00:00,1.058251325,1364422081125.0,1344145630.4237561,211248.95481320002,5426063.163307532,106103642870.71208,8125360.769566666,8125360.769566666,2432.925,455431.0,16675487.5,16675487.5,317.05792683,6362.851033333332
309,2017-11-12 00:00:00,1.0531139875000002,1364422081125.0,1844282044.7733886,322635.53941077,5426063.163307532,95327831900.68857,8791671.835166667,8791671.835166667,2324.575,467890.0,16676487.5,16676487.5,583.61046709,5716.301583333334
310,2017-11-13 00:00:00,1.0417878,1364422081125.0,2115296495.8156848,322934.81181397,9495610.535788177,109246250479.9725,16126660.187066667,16126660.187066667,2209.2785714285715,694828.0,16678237.5,16678237.5,783.38626441,6550.227533333334
311,2017-11-14 00:00:00,1.0274114609375,1364422081125.0,1833276923.3014946,276286.80002385,8681701.061292049,110677604469.44708,14299314.224833336,14299314.224833336,2124.9609375,604054.0,16679837.5,16679837.5,615.08687921,6635.412633333332
312,2017-11-15 00:00:00,1.0459106315789477,1364422081125.0,2324329725.3639817,318338.97617742,10309520.01028431,121800537300.086,17742474.705599993,17742474.705599993,2117.0263157894738,709142.0,16681737.5,16681737.5,603.50996198,7301.4299200000005
313,2017-11-16 00:00:00,1.0227893486842106,1364422081125.0,2351529593.368564,300898.31807936,10309520.01028431,130383139250.17125,18216836.5617,18216836.5617,2042.078947368421,677301.0,16683637.5,16683637.5,502.64025918,7815.0307
314,2017-11-17 00:00:00,1.0345285748502993,1364422081125.0,2803405660.0071397,360016.34646171,11326906.853404472,129929811148.99915,18692415.92218333,18692415.92218333,1836.0299401197608,684253.0,16685725.0,16685725.0,401.16643265,7786.884366666666
315,2017-11-18 00:00:00,1.0477796544117646,1364422081125.0,1971800219.2585676,252240.60494839997,9224307.377622802,130447943861.34625,15016726.676383333,15016726.676383333,1991.720588235294,614839.0,16687425.0,16687425.0,289.98839235,7817.140383333332
316,2017-11-19 00:00:00,1.042986825,1364422081125.0,1610358777.8716562,201102.44079787,10852126.326615063,133643141971.57835,17376609.324666668,17376609.324666668,1655.34375,603429.0,16689425.0,16689425.0,247.44354414,8007.654066666668
317,2017-11-20 00:00:00,1.0186825371428572,1364422081125.0,2394321375.2033195,290024.01987093,11869513.169735227,137799223020.03354,20065228.062908333,20065228.062908333,1921.1657142857143,734768.0,16691612.5,16691612.5,329.01817427,8255.596816666666
318,2017-11-21 00:00:00,1.0558941560693642,1364422081125.0,2546719238.29304,315977.96946488,11733861.590652535,134548487745.0,19226652.9,19226652.9,2145.034682080925,753813.0,16693775.0,16693775.0,310.29655182,8059.8
319,2017-11-22 00:00:00,1.0654270325203252,1364422081125.0,1730604252.1113665,209312.64225555,8342572.11358533,138037428085.9375,13902700.8525,13902700.8525,2087.0650406504064,673818.0,16695312.5,16695312.5,205.61524966,8268.035
320,2017-11-23 00:00:00,1.0568942611464969,1364422081125.0,2455560232.7571115,301334.55632408,10648648.95799103,136067805658.125,17540614.875,17540614.875,2243.356687898089,747161.0,16697587.5,16697587.5,265.91956914,8148.95
321,2017-11-24 00:00:00,1.0486119731543626,1361966821649.114,2691426205.2664666,326194.79733613,9977010.84137572,137786800128.58334,16712356.61416667,16712356.61416667,2051.9127516778517,698358.0,16699450.0,16699450.0,233.53648718,8250.978333333334
322,2017-11-25 00:00:00,1.0478601025641026,1347001430558.0,2368622335.772957,272023.83708873,10445729.471507464,145425891723.50668,18041747.856533334,18041747.856533334,2158.2628205128203,697525.0,16701400.0,16701400.0,195.63976527,8707.407266666667
323,2017-11-26 00:00:00,1.0422233725490195,1347001430558.0,2264912543.133489,243954.91839899,10244850.058593854,155075955186.3375,18860738.1297,18860738.1297,2154.751633986928,712606.0,16703312.5,16703312.5,191.22207725,9284.1438
324,2017-11-27 00:00:00,1.0473966470588236,1347001430558.0,3413320841.861484,351226.30299864,11383166.73177095,162348370564.33438,22128557.82885,22128557.82885,2230.917647058824,829650.0,16705437.5,16705437.5,236.50308309999997,9718.29505
325,2017-11-28 00:00:00,1.0628057435897436,1347001430558.0,3250901799.032733,326641.43863906,10445729.471507464,166280421452.90775,21029651.136660002,21029651.136660002,2346.00641025641,816744.0,16707387.5,16707387.5,245.23091351,9952.508820000001
326,2017-11-29 00:00:00,1.0644090057803468,1347001430558.0,3966055569.859264,401449.92007985,11584046.144684555,165079130752.25,23310275.2025,23310275.2025,2301.098265895954,903004.0,16709550.0,16709550.0,290.90212855,9879.328333333333
327,2017-11-30 00:00:00,1.0683024131736527,1347001430558.0,3480444824.0897946,342989.77351868,11182287.318857346,169579202441.65,22988871.266,22988871.266,2301.7125748502995,851419.0,16711637.5,16711637.5,270.63114407,10147.372
328,2017-12-01 00:00:00,1.0680846666666668,1347001430558.0,2679696382.877805,246207.09749195,12253644.187729908,181912888874.6,26605722.884,26605722.884,2256.3278688524592,869274.0,16713925.0,16713925.0,247.0519056,10883.912
329,2017-12-02 00:00:00,1.0362984223602485,1347001430558.0,1985357942.7941227,179323.62857233,10780528.493030138,185068301099.4792,23388265.604166664,23388265.604166664,2027.043478260869,683882.0,16715937.5,16715937.5,190.29585342,11071.368333333332
330,2017-12-03 00:00:00,1.0473750397727273,1347001430558.0,2019481499.029924,178200.72874838,11784925.557598162,189460332831.525,26076363.222,26076363.222,2005.9318181818185,762992.0,16718137.5,16718137.5,187.45114274,11332.622
331,2017-12-04 00:00:00,1.0683003977900551,1347001430558.0,2601197062.1961107,224534.76332377,12119724.579120835,193702991532.0,27786214.755,27786214.755,2213.734806629834,885109.0,16720400.0,16720400.0,226.11990963,11584.83
332,2017-12-05 00:00:00,1.0586585337078651,1347001430558.0,2667850402.160009,224596.15062817,11918845.16620723,198638586220.8333,28080616.4,28080616.4,2279.2640449438204,891235.0,16722625.0,16722625.0,219.679754,11878.433333333334
333,2017-12-06 00:00:00,1.0590462234042552,1407975304733.0,3627399597.0225577,267883.09243663,14867776.058905555,226472551975.50006,34001400.78,34001400.78,2359.505319148936,978251.0,16724975.0,16724975.0,257.16995428,13540.98
334,2017-12-07 00:00:00,1.045315112582781,1590896927258.0,5615762340.673314,340308.56761298,11941671.196248613,276026211047.2292,35850533.44583334,35850533.44583334,2465.8609271523183,869098.0,16726862.5,16726862.5,361.57706839,16501.971666666668
335,2017-12-08 00:00:00,1.0513528910256411,1590896927258.0,4799300874.737941,299816.95225019,12337090.772283334,267785606695.25,40290718.09,40290718.09,2468.538461538461,902011.0,16728825.0,16728825.0,641.42966479,16007.436666666665
336,2017-12-09 00:00:00,1.051266287356322,1590896927258.0,3891389970.1608524,256978.97309502,13760601.246008333,253354758199.1755,40234510.342191696,40234510.342191696,2318.385057471264,877574.0,16731000.0,16731000.0,567.08842445,15142.834152123332
337,2017-12-10 00:00:00,1.0564589268292683,1590896927258.0,3572482517.4345384,240250.79800539,12969762.093938887,248817190555.25,36118756.345,36118756.345,2081.829268292683,739391.0,16733050.0,16733050.0,458.10029691,14869.805
338,2017-12-11 00:00:00,1.060447970760234,1590896927258.0,4271582103.697328,254835.48340836,13523349.500387505,280517165313.5416,42517108.925,42517108.925,2155.5438596491226,867654.0,16735187.5,16735187.5,483.63865068,16762.116666666665
339,2017-12-12 00:00:00,1.0613131538461538,1590896927258.0,5760245259.91769,333417.11714816,12337090.772283334,289157370724.0833,41532449.57333333,41532449.57333333,2390.878205128205,867771.0,16737137.5,16737137.5,537.94407913,17276.393333333333
340,2017-12-13 00:00:00,1.0570646720430106,1590896927258.0,4658395921.1318655,277147.44766784,14709608.228491673,281363023502.9166,47718952.96666666,47718952.96666666,2282.682795698925,958476.0,16739462.5,16739462.5,604.2979452000001,16808.366666666665
341,2017-12-14 00:00:00,1.0418373081081078,1590896927258.0,3587876010.826229,215114.76966373,14630524.313284725,279234257113.3,47709970.56600001,47709970.56600001,2652.1297297297297,1072861.0,16741775.0,16741775.0,644.60794431,16678.892
342,2017-12-15 00:00:00,1.0579387692307691,1590896927258.0,4213976777.532528,237114.58974744,13365181.669973612,297570694261.24994,46748982.95,46748982.95,2400.449704142012,942513.0,16743887.5,16743887.5,592.70393429,17771.899999999998
343,2017-12-16 00:00:00,1.056583701754386,1590896927258.0,3581766251.643578,183692.72378102,13523349.500387505,326525438567.0834,50569835.225,50569835.225,2129.953216374269,819304.0,16746025.0,16746025.0,534.01138337,19498.683333333334
344,2017-12-17 00:00:00,1.0410744216216217,1590896927258.0,5065451796.192873,262597.62854759,14630524.313284725,323071829482.4375,53191582.1375,53191582.1375,2118.4324324324325,877464.0,16748337.5,16748337.5,535.43867532,19289.785
345,2017-12-18 00:00:00,1.042035054945055,1718045833483.0881,4873481581.503874,257014.99948953,16946489.2356708,317622713303.875,52600190.39333333,52600190.39333333,2166.148351648352,922523.0,16750612.5,16750612.5,587.12548366,18961.856666666667
346,2017-12-19 00:00:00,1.0601594,1873105475221.0,3771403823.796258,212627.84463853,13035760.950516,297138524342.9792,41629001.08166667,41629001.08166667,2704.442857142857,887697.0,16752362.5,16752362.5,662.59550536,17737.111666666668
347,2017-12-20 00:00:00,1.0728001397058824,1873105475221.0,5152140336.2305355,321480.90606417,12663310.637644118,268505157145.3125,40786861.391666666,40786861.391666666,2722.625,853863.0,16754062.5,16754062.5,911.59174277,16026.271666666667
348,2017-12-21 00:00:00,1.0386920909090909,1873105475221.0,3660301618.007432,228091.56174431,12290860.324772233,268887463900.875,43552942.14,43552942.14,2541.530303030303,840739.0,16755712.5,16755712.5,1128.76167038,16047.51
349,2017-12-22 00:00:00,1.0623190645161291,1873105475221.0,4421187412.932477,291040.97295675,14432449.623785572,254564539479.25,51049170.6725,51049170.6725,2455.793548387097,890731.0,16757650.0,16757650.0,1495.94647734,15190.945
350,2017-12-23 00:00:00,1.0600379640287771,1873105475221.0,2465336231.04408,160500.92664724,12942648.37229803,257428577373.0625,41833672.649166666,41833672.649166666,2217.345323741007,729637.0,16759387.5,16759387.5,1065.61559484,15360.261666666667
351,2017-12-24 00:00:00,1.0641428618421054,1873105475221.0,2547688081.564038,182640.77134053,14153111.889131663,233806132562.8125,37634874.15000001,37634874.15000001,1838.967105263158,652209.0,16761287.5,16761287.5,881.12136284,13949.175
352,2017-12-25 00:00:00,1.0507459555555556,1873105475221.0,2519602087.6167035,178454.3545159,12570198.059426146,236676918975.95834,32706729.13416667,32706729.13416667,1695.7481481481482,565074.0,16762975.0,16762975.0,689.39441204,14119.028333333335
353,2017-12-26 00:00:00,1.0503131197183098,1873105475221.0,3172612010.674565,198300.04538861,13221986.106951945,268220045546.25,38893686.49833333,38893686.49833333,1742.5352112676055,605853.0,16764750.0,16764750.0,725.62381816,15999.048333333332
354,2017-12-27 00:00:00,1.0675947884615389,1873105475221.0,4694566031.243938,301139.85275459,14525562.20200355,261381479588.5,41529952.92,41529952.92,1972.0641025641025,749191.0,16766700.0,16766700.0,784.81712352,15589.321666666665
355,2017-12-28 00:00:00,1.0832030402684565,1873105475221.0,3618298008.331072,251609.98992955,13873774.154477747,241141682463.85416,37008426.91916667,37008426.91916667,2047.335570469799,741488.0,16768562.5,16768562.5,785.83389168,14380.581666666667
356,2017-12-29 00:00:00,1.0477537151515153,1873105475221.0,3682930089.233883,251563.85726051,15363575.405965287,245524297887.5,40531227.59,40531227.59,2144.387878787879,838925.0,16770625.0,16770625.0,785.79504963,14640.14
357,2017-12-30 00:00:00,1.0368820136054422,1873105475221.0,3942726332.102162,298339.39351421,13687548.998041805,221657719330.97495,33640243.617,33640243.617,2342.904761904762,815099.0,16772462.5,16772462.5,778.5711097,13215.574
358,2017-12-31 00:00:00,1.0370569693251537,1873105475221.0,3322403204.5571837,234540.65257197,15177350.249529347,237620437837.5,35435185.8625,35435185.8625,1781.7300613496932,678712.0,16774500.0,16774500.0,545.14452622,14165.575
359,2018-01-01 00:00:00,1.0433825,1922580604979.8333,2552418375.919004,184794.66267849,14975580.959688298,231719459004.0,32334328.986666664,32334328.986666664,1549.7243589743591,593282.0,16776450.0,16776450.0,469.41303646,13812.186666666665
360,2018-01-02 00:00:00,1.041367596491228,1931136454487.0,3526212014.8420205,234989.05082007,16415540.667350635,251777079094.125,40553327.641666666,40553327.641666666,1994.0350877192984,850801.0,16778587.5,16778587.5,649.16497626,15005.856666666668
361,2018-01-03 00:00:00,1.0655132101910827,1931136454487.0,2850171440.746601,189339.12821418,15071578.273532456,252602010060.5833,39612658.07583333,39612658.07583333,2522.0573248407645,937530.0,16780550.0,16780550.0,749.68547259,15053.261666666665
362,2018-01-04 00:00:00,1.0658327023809524,1931136454487.0,4053543883.551839,266691.83551222,16127548.72581817,255085455190.75006,42527795.29000001,42527795.29000001,2529.809523809524,1054711.0,16782650.0,16782650.0,778.26109477,15199.355
363,2018-01-05 00:00:00,1.0676357972027972,1931136454487.0,5164208947.919582,300697.15059168,13727615.879714275,288257943757.5,41569957.46,41569957.46,2396.552447552448,888402.0,16784437.5,16784437.5,701.35602085,17174.12
364,2018-01-06 00:00:00,1.0546091607142858,1931136454487.0,3932860281.582775,227080.97000697,16127548.72581817,290729366696.925,46900388.18399999,46900388.18399999,2135.9940476190477,889098.0,16786537.5,16786537.5,694.47790564,17319.198
